mutation_class,mutation_proportion
soft,0.992310699857
aspirate,0.976755218216
nasal,0.684689236988
